{"cameraMode":{"drawMode":0,"name":"Shaded","section":"Shading Mode"},"sceneLighting":false,"audioPlay":false,"sceneViewState":{"m_AlwaysRefresh":false,"showFog":true,"showSkybox":false,"showFlares":true,"showImageEffects":true,"showParticleSystems":true,"showVisualEffectGraphs":true,"m_FxEnabled":true},"in2DMode":false,"pivot":{"x":-0.12426353245973587,"y":0.8887990117073059,"z":2.5374412536621095},"rotation":{"x":0.00009829412010731176,"y":-0.9998721480369568,"z":0.006308239419013262,"w":0.015290345996618271},"size":0.8660253882408142,"orthographic":false}