{"cameraMode":{"drawMode":0,"name":"Shaded","section":"Shading Mode"},"sceneLighting":true,"audioPlay":false,"sceneViewState":{"m_AlwaysRefresh":false,"showFog":true,"showSkybox":true,"showFlares":true,"showImageEffects":true,"showParticleSystems":true,"showVisualEffectGraphs":true,"m_FxEnabled":true},"in2DMode":false,"pivot":{"x":-3.1520450115203859,"y":2.4208881855010988,"z":2.010406970977783},"rotation":{"x":0.021854322403669359,"y":0.7986028790473938,"z":-0.028990445658564569,"w":0.6008999347686768},"size":1.2247449159622193,"orthographic":false}