{"cameraMode":{"drawMode":0,"name":"Shaded","section":"Shading Mode"},"sceneLighting":false,"audioPlay":false,"sceneViewState":{"m_AlwaysRefresh":false,"showFog":true,"showSkybox":false,"showFlares":true,"showImageEffects":true,"showParticleSystems":true,"showVisualEffectGraphs":true,"m_FxEnabled":true},"in2DMode":false,"pivot":{"x":-0.009090553969144822,"y":0.863182008266449,"z":0.48669150471687319},"rotation":{"x":0.04716705530881882,"y":-0.878893256187439,"z":0.08890240639448166,"w":0.46630075573921206},"size":0.988278865814209,"orthographic":false}