{"cameraMode":{"drawMode":0,"name":"Shaded","section":"Shading Mode"},"sceneLighting":false,"audioPlay":false,"sceneViewState":{"m_AlwaysRefresh":false,"showFog":true,"showSkybox":false,"showFlares":true,"showImageEffects":true,"showParticleSystems":true,"showVisualEffectGraphs":true,"m_FxEnabled":true},"in2DMode":false,"pivot":{"x":1.2138067483901978,"y":0.37655431032180788,"z":-0.08921657502651215},"rotation":{"x":-0.04146649315953255,"y":-0.7244097590446472,"z":0.04374248906970024,"w":-0.6867386102676392},"size":0.8660253882408142,"orthographic":false}